exoplanetLabel,image,constellationLabel
Kepler-10b,http://commons.wikimedia.org/wiki/Special:FilePath/Kepler10b%20artist.jpg,Dragon
Kepler-22b,http://commons.wikimedia.org/wiki/Special:FilePath/Kepler-22%20diagram.jpg,Cygne
Kepler-9b,http://commons.wikimedia.org/wiki/Special:FilePath/Kepler-9b%2C%20Jupiter%20size%20comparison.jpg,Lyre
55 Cancri f,http://commons.wikimedia.org/wiki/Special:FilePath/Artist%27s%20concept%20shows%20four%20of%20the%20five%20planets%20that%20orbit%2055%20Cancri%2C%20a%20star%20much%20like%20our%20own.jpg,Cancer
55 Cancri b,http://commons.wikimedia.org/wiki/Special:FilePath/55%20Rho%20Cancri%201%20b.png,Cancer
55 Cancri d,http://commons.wikimedia.org/wiki/Special:FilePath/Jkv.55Cancri.d.png,Cancer
55 Cancri e,http://commons.wikimedia.org/wiki/Special:FilePath/Newneptune%20nasa%20big.jpg,Cancer
Kepler-11c,http://commons.wikimedia.org/wiki/Special:FilePath/Kepler-11c%20%28Exoplanete%29.jpg,Cygne
61 Virginis b,http://commons.wikimedia.org/wiki/Special:FilePath/Artist%20concept%2061vir%20b.png,Vierge
Gliese 163 c,http://commons.wikimedia.org/wiki/Special:FilePath/Planets%20Under%20a%20Red%20Sun.jpg,Dorade
Gliese 176 b,http://commons.wikimedia.org/wiki/Special:FilePath/Planet%20Gliese%20176%20b.png,Taureau
61 Virginis d,http://commons.wikimedia.org/wiki/Special:FilePath/ConceptJKV-61Vir-d.png,Vierge
HD 187123 c,http://commons.wikimedia.org/wiki/Special:FilePath/HD%20187123%20c.png,Cygne
HD 187123 b,http://commons.wikimedia.org/wiki/Special:FilePath/HD%20187123%20b.png,Cygne
Gliese 581 c,http://commons.wikimedia.org/wiki/Special:FilePath/Planetary%20System%20in%20Gliese%20581%20%28artist%27s%20impression%29.jpg,Balance
14 Herculis b,http://commons.wikimedia.org/wiki/Special:FilePath/14%20Herculis%20b%20%28Celestia%29.jpg,Hercule
14 Herculis c,http://commons.wikimedia.org/wiki/Special:FilePath/14%20Herculis%20c%20%28Celestia%29.jpg,Hercule
WASP-12b,http://commons.wikimedia.org/wiki/Special:FilePath/WASP-12b%20%28NASA%29.jpg,Cocher
18 Delphini b,http://commons.wikimedia.org/wiki/Special:FilePath/Planet%2018%20Delphini%20b.png,Dauphin
2M1207,http://commons.wikimedia.org/wiki/Special:FilePath/Primera%20foto%20planeta%20extrasolar%20ESO.jpg,Centaure
47 Ursae Majoris b,http://commons.wikimedia.org/wiki/Special:FilePath/47%20Ursae%20Majoris%20b%20v4.jpg,Grande Ourse
47 Ursae Majoris c,http://commons.wikimedia.org/wiki/Special:FilePath/47%20UMa%20c.jpg,Grande Ourse
51 Pegasi b,http://commons.wikimedia.org/wiki/Special:FilePath/51%20Pegasi%20b%20by%20Celestia.jpg,Pégase
HD 12661 b,http://commons.wikimedia.org/wiki/Special:FilePath/HD%2012661%20b%20%28Celestia%29.jpg,Bélier
70 Virginis b,http://commons.wikimedia.org/wiki/Special:FilePath/70%20virginis%20b%20%28Celestia%29.jpg,Vierge
79 Ceti b,http://commons.wikimedia.org/wiki/Special:FilePath/Plan79ceti.jpg,Baleine
HD 209458 b,http://commons.wikimedia.org/wiki/Special:FilePath/Osirisplanet.jpg,Pégase
Gliese 581 e,http://commons.wikimedia.org/wiki/Special:FilePath/Gliese%20581%20Artist%27s%20impression.jpg,Balance
94 Ceti b,http://commons.wikimedia.org/wiki/Special:FilePath/94%20Ceti%20b.jpg,Baleine
HD 147018 c,http://commons.wikimedia.org/wiki/Special:FilePath/Planet%20HD%20147018%20c.png,Triangle austral
HD 125612 b,http://commons.wikimedia.org/wiki/Special:FilePath/HD%20125612%20b.jpg,Vierge
HD 40307 e,http://commons.wikimedia.org/wiki/Special:FilePath/HD%2040307%20e.jpg,Peintre
HD 85512 b,http://commons.wikimedia.org/wiki/Special:FilePath/HD%2085512%20b%20%28Artists%27s%20impression%29.jpg,Voiles
OGLE-2005-BLG-071Lb,http://commons.wikimedia.org/wiki/Special:FilePath/Planet%20OGLE%2005-071-Lb.png,Scorpion
Gamma Cephei Ab,http://commons.wikimedia.org/wiki/Special:FilePath/Planet%20Gamma%20Cephei%20Ab%20and%20Star%20B.png,Céphée
Gliese 1214 b,http://commons.wikimedia.org/wiki/Special:FilePath/Exoplanet%20GJ%201214%20b%20and%20Its%20Star%20%28Illustration%29%20%282021-054-01FMJA3A8205K9X4M9QXJK5JX9%29.png,Ophiuchus
Kepler-11b,http://commons.wikimedia.org/wiki/Special:FilePath/Kepler-11b%20%28Exoplanete%29.jpg,Cygne
Mu Arae e,http://commons.wikimedia.org/wiki/Special:FilePath/Mu%20Arae%20e.jpg,Autel
Upsilon Andromedae d,http://commons.wikimedia.org/wiki/Special:FilePath/Upsilon%20And%20d.jpg,Andromède
Upsilon Andromedae d,http://commons.wikimedia.org/wiki/Special:FilePath/Jkv.UpsilonAnd.d.png,Andromède
Gliese 876 e,http://commons.wikimedia.org/wiki/Special:FilePath/ConceptJKV-Gliese876-e.png,Verseau
HD 28185 b,http://commons.wikimedia.org/wiki/Special:FilePath/Moon%20of%20HD%2028185%20b.jpg,Éridan
HD 28185 b,http://commons.wikimedia.org/wiki/Special:FilePath/Jkv.HD28185.b.png,Éridan
XO-3b,http://commons.wikimedia.org/wiki/Special:FilePath/XO-3b.jpg,Girafe
HD 108147 b,http://commons.wikimedia.org/wiki/Special:FilePath/HD%20108147%20b%20%28Celestia%29.jpg,Croix du Sud
WASP-8b,http://commons.wikimedia.org/wiki/Special:FilePath/Exoplanet%20retrograde%20WASP-8b.jpg,Sculpteur
Iota Draconis b,http://commons.wikimedia.org/wiki/Special:FilePath/Iota-draconis-b.jpg,Dragon
CoRoT-7b,http://commons.wikimedia.org/wiki/Special:FilePath/Artist%E2%80%99s%20impression%20of%20Corot-7b%20%28alternative%29.jpg,Licorne
Nachtwacht,http://commons.wikimedia.org/wiki/Special:FilePath/Artistic%20impression%20HAT-P-6b.png,Andromède
Gliese 667 Cc,http://commons.wikimedia.org/wiki/Special:FilePath/Gliese%20667%20Cc%20sunset.jpg,Scorpion
Kepler-47c,http://commons.wikimedia.org/wiki/Special:FilePath/Artist%27s%20concept%20illustrates%20Kepler-47%2C%20the%20first%20transiting%20circumbinary%20system.jpg,Cygne
Kepler-18b,http://commons.wikimedia.org/wiki/Special:FilePath/Kepler-18%20b%20comparative.jpg,Cygne
Kepler-21b,http://commons.wikimedia.org/wiki/Special:FilePath/Kepler-21%20b.jpg,Lyre
Kepler-42b,http://commons.wikimedia.org/wiki/Special:FilePath/Artist%27s%20conception%20of%20Kepler-42.jpg,Cygne
Kepler-42c,http://commons.wikimedia.org/wiki/Special:FilePath/Comparing%20the%20size%20of%20Earth%2C%20Mars%2C%20and%20exoplanets%20of%20Kepler-20%20and%20Kepler-42.jpg,Cygne
Kepler-38b,http://commons.wikimedia.org/wiki/Special:FilePath/Kepler38gcrop.jpg,Lyre
HD 13189 b,http://commons.wikimedia.org/wiki/Special:FilePath/HD%2013189%20b%20Planet.png,Triangle
TrES-2b,http://commons.wikimedia.org/wiki/Special:FilePath/TrES-2b.jpg,Dragon
TrES-2b,http://commons.wikimedia.org/wiki/Special:FilePath/Jkv.TrES-2b.png,Dragon
WASP-33 b,http://commons.wikimedia.org/wiki/Special:FilePath/15-121a-HubbleDetectsStratosphereOnWASP33b-20150611.jpg,Andromède
WASP-33 b,http://commons.wikimedia.org/wiki/Special:FilePath/Hot%20Jupiter%20planet%20WASP-33b.jpg,Andromède
WASP-44b,http://commons.wikimedia.org/wiki/Special:FilePath/WASP-4b.jpg,Baleine
WASP-43b,http://commons.wikimedia.org/wiki/Special:FilePath/Exoplanet%20WASP-43b%20orbits%20its%20parent%20star.jpg,Sextant
HD 16417 b,http://commons.wikimedia.org/wiki/Special:FilePath/PlanetQuest-HD16417b.png,Fourneau
Kepler-37b,http://commons.wikimedia.org/wiki/Special:FilePath/Kepler-37b.jpg,Lyre
HD 7924 b,http://commons.wikimedia.org/wiki/Special:FilePath/PlanetQuest-HD7924b.png,Cassiopée
HD 45364 b,http://commons.wikimedia.org/wiki/Special:FilePath/Jkv.HD45364.b.png,Grand Chien
HD 45364 c,http://commons.wikimedia.org/wiki/Special:FilePath/Jkv.HD45364.c.png,Grand Chien
HD 86226 b,http://commons.wikimedia.org/wiki/Special:FilePath/HD%2086226%20G2V.jpeg,Hydre
Gamma1 Leonis b,http://commons.wikimedia.org/wiki/Special:FilePath/Gamma1%20Leonis%20b.png,Lion
HD 205739 b,http://commons.wikimedia.org/wiki/Special:FilePath/HD%20205739%20b.jpg,Poisson austral
Kepler-37c,http://commons.wikimedia.org/wiki/Special:FilePath/Kepler-37%20system.png,Lyre
Kepler-16b,http://commons.wikimedia.org/wiki/Special:FilePath/Kepler-16.jpg,Cygne
Iota Horologii b,http://commons.wikimedia.org/wiki/Special:FilePath/Rings%20of%20Iota%20Horologii%20b.jpg,Horloge
HD 189733 b,http://commons.wikimedia.org/wiki/Special:FilePath/Artist%E2%80%99s%20impression%20of%20the%20deep%20blue%20planet%20HD%20189733b.jpg,Petit Renard
HAT-P-4b,http://commons.wikimedia.org/wiki/Special:FilePath/HAT-P-4-transit.jpg,Bouvier
2M1207 b,http://commons.wikimedia.org/wiki/Special:FilePath/Artist%27s%20rendering%20of%20the%202M1207%20System.jpg,Centaure
BD+20 2457 b,http://commons.wikimedia.org/wiki/Special:FilePath/BD%2B20%202457%20B%20planet.png,Lion
Gliese 581 b,http://commons.wikimedia.org/wiki/Special:FilePath/Planet%20Gliese%20581%20b.png,Balance
OGLE-2005-BLG-390Lb,http://commons.wikimedia.org/wiki/Special:FilePath/OGLE-2005-BLG-390Lb%20planet.jpg,Scorpion
TrES-4,http://commons.wikimedia.org/wiki/Special:FilePath/TrES-4%20b.jpg,Hercule
Gliese 317 c,http://commons.wikimedia.org/wiki/Special:FilePath/Diagram%20of%20the%20probable%20composition%20of%20the%20Gliese%20317%20Star%20System.png,Boussole
HD 63454 b,http://commons.wikimedia.org/wiki/Special:FilePath/HD%2063454%20b.jpg,Caméléon
Gliese 436 b,http://commons.wikimedia.org/wiki/Special:FilePath/Samenstelling%20GJ%20436b.jpg,Lion
HD 171028 b,http://commons.wikimedia.org/wiki/Special:FilePath/Planet%20HD%20171028%20b.png,Ophiuchus
HW Virginis c,http://commons.wikimedia.org/wiki/Special:FilePath/HW%20Virginis.png,Vierge
HD 47536 b,http://commons.wikimedia.org/wiki/Special:FilePath/Giant%20Star%20HD%2047536.jpg,Grand Chien
BD+14°4559 b,http://commons.wikimedia.org/wiki/Special:FilePath/BD%20%2B14%204559%20b%20exoplanet%20view%20from%20it%27s%20moon%20%28artist%27s%20impression%29.jpg,Pégase
Beta Pictoris b,http://commons.wikimedia.org/wiki/Special:FilePath/Beta%20Pictoris%20b%20%28artist%E2%80%99s%20impression%29.jpg,Peintre
MOA-2007-BLG-192Lb,http://commons.wikimedia.org/wiki/Special:FilePath/MOA-2007-BLG-192L.jpg,Sagittaire
Epsilon Eridani b,http://commons.wikimedia.org/wiki/Special:FilePath/Epsilon%20Eridani%20b.jpg,Éridan
PSR B1620-26 b,http://commons.wikimedia.org/wiki/Special:FilePath/Artist%27s%20impression%20of%20pulsar%20planet%20B1620-26c.jpg,Scorpion
Gliese 876 d,http://commons.wikimedia.org/wiki/Special:FilePath/Gliese%20876%20d%20Super-Earth.jpg,Verseau
BD+20 2457 c,http://commons.wikimedia.org/wiki/Special:FilePath/BD%2B20%202457%20C%20planet.png,Lion
Mu Arae c,http://commons.wikimedia.org/wiki/Special:FilePath/Mu%20Arae%20c.jpg,Autel
23 Librae b,http://commons.wikimedia.org/wiki/Special:FilePath/Planet%2023%20Librae%20b.png,Balance
Kepler-11e,http://commons.wikimedia.org/wiki/Special:FilePath/Kepler-11e%20%28Exoplanete%29.jpg,Cygne
HD 76700 b,http://commons.wikimedia.org/wiki/Special:FilePath/HD%2076700.png,Poisson volant
HD 12661 c,http://commons.wikimedia.org/wiki/Special:FilePath/HD%2012661%20c%20%28Celestia%29.jpg,Bélier
HD 154345 b,http://commons.wikimedia.org/wiki/Special:FilePath/HD154345B.jpg,Hercule
Gliese 667 Cb,http://commons.wikimedia.org/wiki/Special:FilePath/Gliese%20667.jpg,Scorpion
Gliese 876 b,http://commons.wikimedia.org/wiki/Special:FilePath/Artist%27s%20concept%20of%20Gliese%20876%20b.jpg,Verseau
Gliese 86 b,http://commons.wikimedia.org/wiki/Special:FilePath/Gliese%2086%20Ab%20%28Celestia%29.jpg,Éridan
91 Aquarii b,http://commons.wikimedia.org/wiki/Special:FilePath/Planet%20at%20Psi1%20Aquarii.png,Verseau
Upsilon Andromedae b,http://commons.wikimedia.org/wiki/Special:FilePath/PIA01936.jpg,Andromède
Gliese 777 Ab,http://commons.wikimedia.org/wiki/Special:FilePath/Gliese%20777%20Ab%20%28Exoplanete%29.jpg,Cygne
MOA-2007-BLG-400Lb,http://commons.wikimedia.org/wiki/Special:FilePath/MOA%202007-BLG-400%20Planet.png,Sagittaire
HD 96167 b,http://commons.wikimedia.org/wiki/Special:FilePath/PlanetQuest-HD96167b.png,Coupe
HD 149026 b,http://commons.wikimedia.org/wiki/Special:FilePath/HD149026b%20nasa.jpg,Hercule
CoRoT-9b,http://commons.wikimedia.org/wiki/Special:FilePath/Artist%E2%80%99s%20impression%20of%20exoplanet%20Corot-9b.jpg,Serpent
109 Piscium b,http://commons.wikimedia.org/wiki/Special:FilePath/109%20Piscium%20b%20%28Celestia%29.JPG,Poissons
HD 69830 d,http://commons.wikimedia.org/wiki/Special:FilePath/Artwork%20showing%20a%20blurred%20globe%20and%20other%20celestial%20bodies%2C%20inspired%20by%20the%20asteroid%20belt%20of%20HD%2069830.jpg,Poupe
47 Ursae Majoris d,http://commons.wikimedia.org/wiki/Special:FilePath/Jkv.47UMa.d.png,Grande Ourse
54 Piscium b,http://commons.wikimedia.org/wiki/Special:FilePath/54%20Piscium%20b%20%28Celestia%29.jpg,Poissons
54 Piscium b,http://commons.wikimedia.org/wiki/Special:FilePath/LuhmanTStarCompanion%20%2854%20Psc%29.jpg,Poissons
Epsilon Tauri b,http://commons.wikimedia.org/wiki/Special:FilePath/Planet%20Epsilon%20Tauri%20b.png,Taureau
OGLE-2005-BLG-169Lb,http://commons.wikimedia.org/wiki/Special:FilePath/OGLE-2005-BLG-169Lb.jpg,Sagittaire
HD 37124 b,http://commons.wikimedia.org/wiki/Special:FilePath/HD%2037124%20b.jpg,Taureau
Gliese 876 c,http://commons.wikimedia.org/wiki/Special:FilePath/ConceptJKV-Gliese876-c.png,Verseau
Gliese 876 c,http://commons.wikimedia.org/wiki/Special:FilePath/Jkv.Gliese876.c.png,Verseau
Tau Bootis Ab,http://commons.wikimedia.org/wiki/Special:FilePath/HD%20209458%20b%20Artwork.jpg,Bouvier
V391 Pegasi b,http://commons.wikimedia.org/wiki/Special:FilePath/V391%20Pegasi%20planet.png,Pégase
Gliese 849 b,http://commons.wikimedia.org/wiki/Special:FilePath/Gliese%20849%20b1.png,Verseau
Upsilon Andromedae e,http://commons.wikimedia.org/wiki/Special:FilePath/Jkv.UpsAnd.e.png,Andromède
Upsilon Andromedae e,http://commons.wikimedia.org/wiki/Special:FilePath/Upsilon%20Andromedae.png,Andromède
Mu Arae b,http://commons.wikimedia.org/wiki/Special:FilePath/Mu%20Arae%20b%2C%20Celestia.jpg,Autel
16 Cygni Bb,http://commons.wikimedia.org/wiki/Special:FilePath/16%20Cygni%20B%20b.png,Cygne
16 Cygni Bb,http://commons.wikimedia.org/wiki/Special:FilePath/16%20Cygni%20sunset.jpg,Cygne
Gliese 3021 b,http://commons.wikimedia.org/wiki/Special:FilePath/GJ%203021%20b%20%28Exoplanete%29.jpg,Hydre mâle
HD 11977 b,http://commons.wikimedia.org/wiki/Special:FilePath/Eta2Hyib.jpg,Hydre mâle
HD 147513 b,http://commons.wikimedia.org/wiki/Special:FilePath/Planet%20HD%20147513%20b.png,Scorpion
OGLE2-TR-L9b,http://commons.wikimedia.org/wiki/Special:FilePath/OGLE2-TR-L9b.jpg,Carène
Pollux b,http://commons.wikimedia.org/wiki/Special:FilePath/P%C3%B3lux%20B.jpg,Gémeaux
HD 17156 b,http://commons.wikimedia.org/wiki/Special:FilePath/Planet%20HD%2017156%20b.png,Cassiopée
OGLE-2006-BLG-109Lc,http://commons.wikimedia.org/wiki/Special:FilePath/PlanetQuest-OGLE109c.png,Scorpion
Gliese 777 Ac,http://commons.wikimedia.org/wiki/Special:FilePath/Gliese%20777%20Ac%20%28Exoplanete%29.jpg,Cygne
WASP-11b-HAT-P-10b,http://commons.wikimedia.org/wiki/Special:FilePath/Artist%20impression%20Extrasolar%20planet%20WASP-11b%20HAT-P-10b.jpg,Bélier
HD 4308 b,http://commons.wikimedia.org/wiki/Special:FilePath/HD%204308%20b%20Hot%20SuperEarth.png,Toucan
CoRoT-7c,http://commons.wikimedia.org/wiki/Special:FilePath/CoRoT-7c.jpg,Licorne
61 Virginis c,http://commons.wikimedia.org/wiki/Special:FilePath/ConceptJKV-61Vir-c.png,Vierge
Gliese 674 b,http://commons.wikimedia.org/wiki/Special:FilePath/Gliese%20674%20b%20%28Exoplanete%29.jpg,Autel
83 Leonis Bb,http://commons.wikimedia.org/wiki/Special:FilePath/83%20Leonis%20Bb.jpg,Lion
HD 69830 c,http://commons.wikimedia.org/wiki/Special:FilePath/Artwork%20showing%20a%20blurred%20globe%20and%20other%20celestial%20bodies%2C%20inspired%20by%20the%20asteroid%20belt%20of%20HD%2069830.jpg,Poupe
Upsilon Andromedae c,http://commons.wikimedia.org/wiki/Special:FilePath/Upsilon%20Andromedae%20c.png,Andromède
OGLE-2006-BLG-109Lb,http://commons.wikimedia.org/wiki/Special:FilePath/OGLE-2006-BLG-109%20scheme2.png,Scorpion
XO-1b,http://commons.wikimedia.org/wiki/Special:FilePath/XO-1b.jpg,Couronne boréale
Tau Ceti e,http://commons.wikimedia.org/wiki/Special:FilePath/Termoplaneta.jpg,Baleine
Riosar,http://commons.wikimedia.org/wiki/Special:FilePath/Artist%27s%20impression%20of%20view%20of%20the%20planet%20Riosar%20in%20the%20Rosal%C3%ADadecastro%20system.jpg,Ophiuchus
HD 170469 b,http://commons.wikimedia.org/wiki/Special:FilePath/PlanetQuest-HD170469b.png,Ophiuchus
Kepler-20f,http://commons.wikimedia.org/wiki/Special:FilePath/Kepler-20f%20Planet.jpg,Lyre
XO-2b,http://commons.wikimedia.org/wiki/Special:FilePath/XO-2b.jpg,Lynx
Kepler-20e,http://commons.wikimedia.org/wiki/Special:FilePath/Kepler-20e%20Planet.jpg,Lyre
OGLE-2007-BLG-368L b,http://commons.wikimedia.org/wiki/Special:FilePath/Neptune-kin%20OGLE-2007-BLG-368Lb.png,Scorpion
HR 8799 e,http://commons.wikimedia.org/wiki/Special:FilePath/GRAVITY%20instrument%20breaks%20new%20ground%20in%20exoplanet%20imaging%20HR%208799e.jpg,Pégase
HD 10180 c,http://commons.wikimedia.org/wiki/Special:FilePath/HD10180InnerOrbits.svg,Hydre mâle
24 Sextantis b,http://commons.wikimedia.org/wiki/Special:FilePath/24%20Sextantis%20and%2024%20Sextantis%20b%20in%20Celestia.jpg,Sextant
AB Pictoris b,http://commons.wikimedia.org/wiki/Special:FilePath/AB%20Pictoris%20B.png,Peintre
KOI-172.02,http://commons.wikimedia.org/wiki/Special:FilePath/Kepler-69c-%20Super-Venus.jpg,Cygne
Kepler-19c,http://commons.wikimedia.org/wiki/Special:FilePath/Kepler19%20David%20Aguilar.jpg,Lyre
Kepler-9d,http://commons.wikimedia.org/wiki/Special:FilePath/Kepler-9d.PNG,Lyre
Kepler-19b,http://commons.wikimedia.org/wiki/Special:FilePath/Kepler-19%20b.jpg,Lyre
Kepler-11d,http://commons.wikimedia.org/wiki/Special:FilePath/Kepler-11d%20%28Exoplanete%29.jpg,Cygne
Epsilon Reticuli b,http://commons.wikimedia.org/wiki/Special:FilePath/EpsilonRetb.jpg,Réticule
Kepler-10c,http://commons.wikimedia.org/wiki/Special:FilePath/Kepler-10%20star%20system.jpg,Dragon
HD 10180 f,http://commons.wikimedia.org/wiki/Special:FilePath/HD%2010180%20f.jpg,Hydre mâle
HIP 78530 b,http://commons.wikimedia.org/wiki/Special:FilePath/HIP%2078530%20in%20Celestia.png,Scorpion
HW Virginis b,http://commons.wikimedia.org/wiki/Special:FilePath/HW%20Virginis.png,Vierge
TOI 421b,http://commons.wikimedia.org/wiki/Special:FilePath/Exoplanet%20TOI-421%20b%20and%20Its%20Star%20%28Illustration%29%20%282021-054-01FMJ83DBDR1F648FP5DYG0PZT%29.png,Lièvre
K2-315b,http://commons.wikimedia.org/wiki/Special:FilePath/Daedalus%20Spaceship%20concept.jpg,Balance
PDS 70c,http://commons.wikimedia.org/wiki/Special:FilePath/PDS%2070%20closeup%20-%20eso2111a.jpg,Centaure
Gliese 486 b,http://commons.wikimedia.org/wiki/Special:FilePath/Gliese486b%20HotSuperEarth.png,Vierge
Kepler-1156b,http://commons.wikimedia.org/wiki/Special:FilePath/Kepler-1156%20b%20Planet.jpg,Cygne
Kepler-1156b,http://commons.wikimedia.org/wiki/Special:FilePath/Star%20Planet%20Kepler-1156%20analog.jpg,Cygne
Kepler-1625b,http://commons.wikimedia.org/wiki/Special:FilePath/Exomoon%20Kepler-1625b-i%20orbiting%20its%20planet%20%28artist%E2%80%99s%20impression%29.tif,Cygne
LHS 1140 b,http://commons.wikimedia.org/wiki/Special:FilePath/Artist%E2%80%99s%20impression%20of%20the%20super-Earth%20exoplanet%20LHS%201140b.jpg,Baleine
OGLE-2016-BLG-1195Lb,http://commons.wikimedia.org/wiki/Special:FilePath/PIA21430-Exoplanet-OGLE2016BLG1195Lb-20170426.jpg,Scorpion
WASP-121 b,http://commons.wikimedia.org/wiki/Special:FilePath/WASP-121b%2001.jpg,Poupe
NGTS-1b,http://commons.wikimedia.org/wiki/Special:FilePath/NGTS-1%20b%20illustration.jpg,Colombe
OGLE-2016-BLG-1190Lb,http://commons.wikimedia.org/wiki/Special:FilePath/Artist%E2%80%99s%20conception%20of%20a%20brown%20dwarf%20like%202MASSJ22282889-431026.jpg,Sagittaire
Ross 128 b,http://commons.wikimedia.org/wiki/Special:FilePath/Artist%27s%20impression%20of%20the%20planet%20Ross%20128%20b.jpg,Vierge
Kepler-90 i,http://commons.wikimedia.org/wiki/Special:FilePath/Kepler-90%20MultiExoplanet%20System%20-%2020171214.jpg,Dragon
WASP-39b,http://commons.wikimedia.org/wiki/Special:FilePath/Exoplanet-WASP-39b-20180301.jpg,Vierge
WASP-107 b,http://commons.wikimedia.org/wiki/Special:FilePath/Artist%E2%80%99s%20impression%20of%20WASP-107b.jpg,Vierge
K2-141 b,http://commons.wikimedia.org/wiki/Special:FilePath/K2-141b.jpg,Poissons
WASP-31b,http://commons.wikimedia.org/wiki/Special:FilePath/HotJupiter-Exoplanet-WASP-31b.jpg,Coupe
HATS-36b,http://commons.wikimedia.org/wiki/Special:FilePath/HATS-36%20b%20infrared%20spectographic%2C%202018.png,Sagittaire
K2-288Bb,http://commons.wikimedia.org/wiki/Special:FilePath/PIA23004%20K2-288Bb%20%28Artist%27s%20Illustration%29.jpg,Taureau
L 98-59 b,http://commons.wikimedia.org/wiki/Special:FilePath/L98-59b.png,Poisson volant
Isagel,http://commons.wikimedia.org/wiki/Special:FilePath/Artistic%20impression%20of%20HD102956.png,Grande Ourse
L 98-59 d,http://commons.wikimedia.org/wiki/Special:FilePath/L98-59d.png,Poisson volant
GJ 357 d,http://commons.wikimedia.org/wiki/Special:FilePath/GJ%20357%20d.jpg,Hydre
HR 5183 b,http://commons.wikimedia.org/wiki/Special:FilePath/HR%205183%20b.png,Vierge
Teegarden c,http://commons.wikimedia.org/wiki/Special:FilePath/Teegarden%27s%20star%20proper%20motion.gif,Bélier
Gliese 357 b,http://commons.wikimedia.org/wiki/Special:FilePath/GJ%20357%20system.png,Hydre
Teegarden b,http://commons.wikimedia.org/wiki/Special:FilePath/Teegarden%27s%20star%20proper%20motion.gif,Bélier
L 98-59 c,http://commons.wikimedia.org/wiki/Special:FilePath/L98-59c.png,Poisson volant
TOI-1231b,http://commons.wikimedia.org/wiki/Special:FilePath/TOI-1231%20b.jpg,Voiles
TOI 700 e,http://commons.wikimedia.org/wiki/Special:FilePath/TOI700e%20art.jpg,Dorade
Kepler-288b,http://commons.wikimedia.org/wiki/Special:FilePath/PIA23004%20K2-288Bb%20%28Artist%27s%20Illustration%29.jpg,Lyre
TRAPPIST-1 e,http://commons.wikimedia.org/wiki/Special:FilePath/TRAPPIST-1e%20artist%20impression%202018.png,Verseau
TRAPPIST-1f,http://commons.wikimedia.org/wiki/Special:FilePath/TRAPPIST-1f%20artist%20impression%202018.png,Verseau
TRAPPIST-1g,http://commons.wikimedia.org/wiki/Special:FilePath/TRAPPIST-1g%20artist%20impression%202018.png,Verseau
TRAPPIST-1h,http://commons.wikimedia.org/wiki/Special:FilePath/TRAPPIST-1h%20artist%20impression%202018.png,Verseau
Krotoa,http://commons.wikimedia.org/wiki/Special:FilePath/Krotoa%20versus%20Jupiter%20size.jpg,Dorade
Krotoa,http://commons.wikimedia.org/wiki/Special:FilePath/Krotoa%20and%20Naledi.jpg,Dorade
TOI 700 d,http://commons.wikimedia.org/wiki/Special:FilePath/PIA23408-Exoplanet-TOI700d-20200106.jpg,Dorade
TOI 1338 b,http://commons.wikimedia.org/wiki/Special:FilePath/TOI%201338b.png,Peintre
WTS-1b,http://commons.wikimedia.org/wiki/Special:FilePath/WTS-1.jpg,Cygne
HAT-P-39b,http://commons.wikimedia.org/wiki/Special:FilePath/WASP-39%20b.jpg,Gémeaux
HAT-P-28b,http://commons.wikimedia.org/wiki/Special:FilePath/Hat-p-28%20b.jpeg,Andromède
Gliese 1061 c,http://commons.wikimedia.org/wiki/Special:FilePath/Image%204552-Wolf-1061c.jpg,Horloge
Gliese 1061 d,http://commons.wikimedia.org/wiki/Special:FilePath/Diagram%20of%20the%20Gliese%201061%20Star%20System.png,Horloge
PDS 70b,http://commons.wikimedia.org/wiki/Special:FilePath/PDS%2070%20-%20eso2111b%20%28cropped%29.jpg,Centaure
PDS 70b,http://commons.wikimedia.org/wiki/Special:FilePath/PDS%2070b.jpg,Centaure
DH Tauri b,http://commons.wikimedia.org/wiki/Special:FilePath/Largest%20planet.png,Taureau
HIP 65426 b,http://commons.wikimedia.org/wiki/Special:FilePath/The%20unusual%20exoplanet%20HIP%2065426b%20%E2%80%94%20SPHERE%27s%20first.jpg,Centaure
HATS-14b,http://commons.wikimedia.org/wiki/Special:FilePath/HAT-P-14%20System%20in%20Celestia.jpg,Capricorne
WASP-76 b,http://commons.wikimedia.org/wiki/Special:FilePath/WASP-76%20b%20%282020%29.png,Poissons
WASP-76 b,http://commons.wikimedia.org/wiki/Special:FilePath/Artist%E2%80%99s%20impression%20of%20the%20night%20side%20of%20WASP-76b.jpg,Poissons
WASP-96b,http://commons.wikimedia.org/wiki/Special:FilePath/WASP-96b%20spectrum%20%28JWST%29%20mres.png,Phénix
WASP-96b,http://commons.wikimedia.org/wiki/Special:FilePath/Exoplanet%20WASP-96%20b%20%28NIRISS%20Transit%20Light%20Curve%29.png,Phénix
KELT-9b,http://commons.wikimedia.org/wiki/Special:FilePath/Artist%27s%20impression%20of%20KELT-9b%20orbiting%20KELT-9.jpg,Cygne
HD 20367 b,http://commons.wikimedia.org/wiki/Special:FilePath/HD%2020367%20b.jpg,Persée
HD 4113 Ab,http://commons.wikimedia.org/wiki/Special:FilePath/Planet%20HD%204113%20b.png,Sculpteur
Kepler-70 b,http://commons.wikimedia.org/wiki/Special:FilePath/Kepler-70b.png,Cygne
Kepler-17 b,http://commons.wikimedia.org/wiki/Special:FilePath/Kepler-17%20b.jpg,Cygne
Kepler-28b,http://commons.wikimedia.org/wiki/Special:FilePath/Kepler-28%20b.jpg,Cygne
KIC 10905746 b,http://commons.wikimedia.org/wiki/Special:FilePath/Kic%2010905746%20b.png,Dragon
Gliese 433 b,http://commons.wikimedia.org/wiki/Special:FilePath/Gliese%20433%20b%20%28Exoplanete%29.jpg,Hydre
HD 222582 b,http://commons.wikimedia.org/wiki/Special:FilePath/Planet%20HD%20222585%20b.png,Verseau
Kepler-47 b,http://commons.wikimedia.org/wiki/Special:FilePath/Orbiting%20in%20the%20Habitable%20Zone%20of%20Two%20Suns.jpg,Cygne
CoRoT-8 b,http://commons.wikimedia.org/wiki/Special:FilePath/CoRoT-8b%20%28comparision%29.png,Aigle
HD 164509 b,http://commons.wikimedia.org/wiki/Special:FilePath/HD%20164509%20b%20-%20wyobra%C5%BCenie%20artysty.jpg,Ophiuchus
Kepler-62f,http://commons.wikimedia.org/wiki/Special:FilePath/This%20artist%27s%20concept%20depicts%20Kepler-62f.jpg,Lyre
Kepler-62e,http://commons.wikimedia.org/wiki/Special:FilePath/Kepler-62f%20with%2062e%20as%20Morning%20Star.jpg,Lyre
KELT-3 b,http://commons.wikimedia.org/wiki/Special:FilePath/Artist%27s%20impression%20of%20KELT-9b%20orbiting%20KELT-9.jpg,Petit Lion
HD 95086 b,http://commons.wikimedia.org/wiki/Special:FilePath/VLT%20image%20of%20exoplanet%20HD%2095086%20b.jpg,Carène
Gliese 667 Cd,http://commons.wikimedia.org/wiki/Special:FilePath/Gliese%20667.jpg,Scorpion
Kepler-33 b,http://commons.wikimedia.org/wiki/Special:FilePath/Kepler-33%20b.jpg,Cygne
GJ 3470 b,http://commons.wikimedia.org/wiki/Special:FilePath/GJ3470b.jpg,Cancer
Gliese 667 Cg,http://commons.wikimedia.org/wiki/Special:FilePath/Gliese%20667C%20system%20impression.jpg,Scorpion
GJ 504 b,http://commons.wikimedia.org/wiki/Special:FilePath/Astronomers%20Image%20Lowest-mass%20Exoplanet%20Around%20a%20Sun-like%20Star.jpg,Vierge
Kepler-29c,http://commons.wikimedia.org/wiki/Special:FilePath/Kepler-29%20c.jpg,Cygne
Kepler-29b,http://commons.wikimedia.org/wiki/Special:FilePath/Kepler-29%20b.jpg,Cygne
Kepler-30c,http://commons.wikimedia.org/wiki/Special:FilePath/Kepler-30%20c.jpg,Lyre
Kepler-30b,http://commons.wikimedia.org/wiki/Special:FilePath/Kepler-30%20b.jpg,Lyre
Kepler-78b,http://commons.wikimedia.org/wiki/Special:FilePath/Kepler-78b.png,Cygne
Kepler-69b,http://commons.wikimedia.org/wiki/Special:FilePath/Kepler-69%20and%20the%20Solar%20System.jpg,Cygne
Kepler-31b,http://commons.wikimedia.org/wiki/Special:FilePath/Kepler-31%20b.jpg,Cygne
Kepler-13 Ab,http://commons.wikimedia.org/wiki/Special:FilePath/Kepler-13Ab%20%28artist%E2%80%99s%20impression%29.jpg,Lyre
Kepler-90 h,http://commons.wikimedia.org/wiki/Special:FilePath/Kepler-90%20MultiExoplanet%20System%20-%2020171214.jpg,Dragon
Kepler-90 f,http://commons.wikimedia.org/wiki/Special:FilePath/Kepler-90%20MultiExoplanet%20System%20-%2020171214.jpg,Dragon
Kepler-90 e,http://commons.wikimedia.org/wiki/Special:FilePath/Kepler-90%20MultiExoplanet%20System%20-%2020171214.jpg,Dragon
Kepler-186f,http://commons.wikimedia.org/wiki/Special:FilePath/Kepler186f-ArtistConcept-20140417.jpg,Cygne
Kepler-186b,http://commons.wikimedia.org/wiki/Special:FilePath/Kepler-186%20System.png,Cygne
Kepler-186c,http://commons.wikimedia.org/wiki/Special:FilePath/Kepler-186%20System.png,Cygne
Kepler-186d,http://commons.wikimedia.org/wiki/Special:FilePath/Kepler-186%20System.png,Cygne
Kepler-186e,http://commons.wikimedia.org/wiki/Special:FilePath/Kepler-186%20System.png,Cygne
Kepler-138d,http://commons.wikimedia.org/wiki/Special:FilePath/PIA23002%20K2-138%206%20Planets%20Artwork%20%28Artist%27s%20Illustration%29.jpg,Lyre
Kepler-90 b,http://commons.wikimedia.org/wiki/Special:FilePath/17-098-Kepler-90%20MultiExoplanetSystem-20171214.jpg,Dragon
Kepler-90 c,http://commons.wikimedia.org/wiki/Special:FilePath/Kepler-90%20system%20rightward-PIA22193.jpg,Dragon
Kepler-90 d,http://commons.wikimedia.org/wiki/Special:FilePath/Kepler-90%20system%20rightward-PIA22193.jpg,Dragon
Kepler-23b,http://commons.wikimedia.org/wiki/Special:FilePath/Kepler-23%20b.jpg,Cygne
GU Piscium b,http://commons.wikimedia.org/wiki/Special:FilePath/GUPscb%20GMOSiz%20WIRCamJ%20noinset.jpg,Poissons
Gliese 422 b,http://commons.wikimedia.org/wiki/Special:FilePath/Gliese.JPG,Carène
Gliese 832 c,http://commons.wikimedia.org/wiki/Special:FilePath/Artist%E2%80%99s%20impression%20of%20a%20cloud-covered%20planet%20inspired%20by%20the%20data%20of%20Gliese%20832%20c.png,Grue
OGLE-2013-BLG-0341LB b,http://commons.wikimedia.org/wiki/Special:FilePath/Wizualizacja%20planety%20OGLE-2013-BLG-0341LB%20b.jpg,Sagittaire
Gliese 687 b,http://commons.wikimedia.org/wiki/Special:FilePath/Gliese%20687.jpg,Dragon
Kepler-442 b,http://commons.wikimedia.org/wiki/Special:FilePath/Kepler442b%28comp%29.jpg,Lyre
Kepler-23c,http://commons.wikimedia.org/wiki/Special:FilePath/Kepler-23%20c.jpg,Cygne
Kepler-24b,http://commons.wikimedia.org/wiki/Special:FilePath/Kepler-24%20b.jpg,Lyre
Kepler-25b,http://commons.wikimedia.org/wiki/Special:FilePath/Kepler-25%20b.jpg,Lyre
Kepler-26b,http://commons.wikimedia.org/wiki/Special:FilePath/Kepler-26%20b.jpg,Lyre
Kepler-26c,http://commons.wikimedia.org/wiki/Special:FilePath/Kepler-26%20c.jpg,Lyre
Kepler-26e,http://commons.wikimedia.org/wiki/Special:FilePath/Kepler-62f%20with%2062e%20as%20Morning%20Star.jpg,Lyre
Kepler-27b,http://commons.wikimedia.org/wiki/Special:FilePath/Kepler-27%20b.jpg,Cygne
Kepler-45b,http://commons.wikimedia.org/wiki/Special:FilePath/Kepler-45b.jpg,Cygne
Kepler-296 b,http://commons.wikimedia.org/wiki/Special:FilePath/Kepler296scale.png,Dragon
Kepler-440 b,http://commons.wikimedia.org/wiki/Special:FilePath/Kepler-440b.jpg,Lyre
Kepler-56b,http://commons.wikimedia.org/wiki/Special:FilePath/Kepler-56%20System%20Diagram.jpg,Cygne
Kepler-56c,http://commons.wikimedia.org/wiki/Special:FilePath/Kepler-56%20System%20Diagram.jpg,Cygne
Kepler-51b,http://commons.wikimedia.org/wiki/Special:FilePath/STScI-H-p1960b-f3840x3125.png,Cygne
Kepler-51d,http://commons.wikimedia.org/wiki/Special:FilePath/Stsci-h-p1960a-f3840x2160.png,Cygne
Kepler-443b,http://commons.wikimedia.org/wiki/Special:FilePath/Kepler-443b.jpg,Cygne
HIP 11915 b,http://commons.wikimedia.org/wiki/Special:FilePath/Artist%E2%80%99s%20Impression%20of%20a%20Jupiter%20twin%20orbiting%20HIP%2011915%20Image.jpg,Baleine
Kepler-452 b,http://commons.wikimedia.org/wiki/Special:FilePath/Kepler-452b%20artist%20concept.jpg,Cygne
HD 219134b,http://commons.wikimedia.org/wiki/Special:FilePath/PIA19833-RockyExoplanet-HD219134b-ArtistConcept-20150730.jpg,Cassiopée
51 Eridani b,http://commons.wikimedia.org/wiki/Special:FilePath/51%20Eridani%20b%20orbit%20animated%20%282014-2018%29.gif,Éridan
Kepler-283 c,http://commons.wikimedia.org/wiki/Special:FilePath/Kepler-283c.jpg,Cygne
LkCa 15 b,http://commons.wikimedia.org/wiki/Special:FilePath/Artistic%20Impression%20of%20LKCa%2015%20b.jpg,Taureau
Kepler-174 d,http://commons.wikimedia.org/wiki/Special:FilePath/Kepler-174d.png,Lyre
Wolf 1061 c,http://commons.wikimedia.org/wiki/Special:FilePath/Wolf1061Trio-typeSystem-ArtistConcept.jpg,Ophiuchus
Wolf 1061d,http://commons.wikimedia.org/wiki/Special:FilePath/Planets%20Under%20a%20Red%20Sun.jpg,Ophiuchus
Wolf 1061b,http://commons.wikimedia.org/wiki/Special:FilePath/Planets%20Under%20a%20Red%20Sun.jpg,Ophiuchus
K2-18 b,http://commons.wikimedia.org/wiki/Special:FilePath/Esa-hubble-k2-18a%20impression.jpg,Lion
TRAPPIST-1b,http://commons.wikimedia.org/wiki/Special:FilePath/TRAPPIST-1b%20artist%20impression%202018.png,Verseau
Kepler-1229b,http://commons.wikimedia.org/wiki/Special:FilePath/Kepler-1229b.jpg,Cygne
TRAPPIST-1d,http://commons.wikimedia.org/wiki/Special:FilePath/TRAPPIST-1d%20artist%20impression%202018.png,Verseau
Kepler-1647 b,http://commons.wikimedia.org/wiki/Special:FilePath/Kepler-16.jpg,Cygne
Kepler-1647 b,http://commons.wikimedia.org/wiki/Special:FilePath/KEPLER%201647%20%28AB%29%20b.png,Cygne
TRAPPIST-1c,http://commons.wikimedia.org/wiki/Special:FilePath/TRAPPIST-1c%20artist%20impression%202018.png,Verseau
MOA-2011-BLG-322LB,http://commons.wikimedia.org/wiki/Special:FilePath/Out%20of%20the%20Dust%2C%20A%20Planet%20is%20Born.jpg,Sagittaire
Qatar-3 b,http://commons.wikimedia.org/wiki/Special:FilePath/Qatar-3b.png,Andromède
Qatar-4b,http://commons.wikimedia.org/wiki/Special:FilePath/Qatar-4b.png,Andromède
KELT-6 b,http://commons.wikimedia.org/wiki/Special:FilePath/KELT-6b%20comparision.png,Chevelure de Bérénice
K2-33 b,http://commons.wikimedia.org/wiki/Special:FilePath/Comparing%20K2-33%20to%20our%20Solar%20System.jpg,Scorpion
Proxima Centauri b,http://commons.wikimedia.org/wiki/Special:FilePath/Artist%E2%80%99s%20impression%20of%20Proxima%20Centauri%20b%20shown%20hypothetically%20as%20an%20arid%20rocky%20super-earth.jpg,Centaure
OGLE-2007-BLG-349(AB)b,http://commons.wikimedia.org/wiki/Special:FilePath/OGLE-2007-BLG-349L%20system.jpg,Sagittaire
Kepler-1520b,http://commons.wikimedia.org/wiki/Special:FilePath/KIC%2012557548.jpg,Cygne
WD 1145+017 b,http://commons.wikimedia.org/wiki/Special:FilePath/Artist%27s%20impression%20of%20a%20white%20dwarf%20devouring%20a%20minor%20planet.jpg,Vierge
Kepler-174c,http://commons.wikimedia.org/wiki/Special:FilePath/Kepler174c.jpg,Lyre
Kepler-174b,http://commons.wikimedia.org/wiki/Special:FilePath/Kepler-174%20b.png,Lyre
Kepler-242b,http://commons.wikimedia.org/wiki/Special:FilePath/Hot%20Neptune%20Kepler-242%20b.jpg,Lyre
